m_teamId,m_teamName
1,Bailey Group
2,Pfeffer-Wehner
3,"Mraz, Daugherty and Kling"
4,Gusikowski Inc
5,Balistreri-Jacobs
6,"Jacobi, Schaden and Huels"
7,"Botsford, Franecki and Rath"
8,"Tillman, Kub and Schulist"
9,"Kub, Hartmann and Mayer"
10,Baumbach-Witting
11,"Schaden, Kassulke and Fisher"
12,"Crist, Corkery and Wiegand"
13,Connelly Group
14,"Hayes, Legros and Spencer"
15,"Barrows, Conroy and Kozey"
16,Predovic and Sons
17,"Predovic, Labadie and Osinski"
18,"Yost, O'Conner and Wyman"
19,"Grady, Spencer and Heaney"
20,"Howell, Littel and Stracke"
21,Gerlach and Sons
22,"Hoeger, Smith and Feeney"
23,Nienow-Hintz
24,Smith-Kuphal
25,Buckridge and Sons
26,Bartell Group
27,Rogahn-Beier
28,Marks-Roberts
29,"Schultz, Paucek and Rolfson"
30,"Abernathy, Rogahn and Hettinger"
31,Dietrich-Cole
32,Hilpert Inc
33,Borer Inc
34,Bergstrom-Harber
35,"Green, Murphy and Kuphal"
36,McClure-Nader
37,"Gibson, Weissnat and Fisher"
38,Pollich-Hane
39,"Will, Heathcote and Marquardt"
40,Yundt and Sons
41,Sauer-Dietrich
42,Ernser-Wilkinson
43,Larkin LLC
44,Homenick LLC
45,Denesik Group
46,Nitzsche Inc
47,"Christiansen, Hane and Bode"
48,Nikolaus LLC
49,Runte LLC
50,"Corwin, Moen and Pollich"
51,Durgan-Kirlin
52,Hodkiewicz-Rippin
53,Kuhn-Beer
54,"Terry, Goyette and Hintz"
55,"Strosin, Heidenreich and Hyatt"
56,"Kilback, Champlin and Harber"
57,McLaughlin LLC
58,Walker LLC
59,Leuschke-Schuppe
60,Botsford and Sons
61,"Stiedemann, Wuckert and Barrows"
62,"Reichert, Lindgren and Auer"
63,Ondricka Group
64,Cormier-Runolfsson
65,Leffler LLC
66,Klein-Hintz
67,"Gleason, Ryan and Howell"
68,"Waters, Hermann and Herzog"
69,Goyette Inc
70,Hammes-McGlynn
71,"Abshire, Walker and Feest"
72,"Tillman, Heaney and Muller"
73,Rogahn-Pagac
74,Howell-Prosacco
75,Pouros Inc
76,Koelpin-Becker
77,"Hoppe, Lind and Jacobson"
78,Morissette LLC
79,"Bauch, Glover and Ebert"
80,Sipes Group
81,Prosacco-Kutch
82,Luettgen Inc
83,Upton Inc
84,Bradtke-Rath
85,Reichel-Cremin
86,Effertz Inc
87,Swaniawski and Sons
88,"Sporer, Hessel and Russel"
89,"Dicki, Nader and Lindgren"
90,Gislason Inc
91,"Reinger, Sporer and Emard"
92,"Welch, Kassulke and Heaney"
93,"Borer, Schuster and Boyle"
94,Volkman-Kohler
95,Johns-Schuppe
96,"Jakubowski, Waelchi and Oberbrunner"
97,Kutch-Crist
98,"Feest, Pacocha and Buckridge"
99,"Thiel, Wilkinson and Collins"
100,Wolff-Moen
101,Kuhlman-Crona
102,Mitchell Group
103,"Johnston, Raynor and Cole"
104,Will-Berge
105,"McClure, Emard and Hermann"
106,Wiegand LLC
107,Powlowski Inc
108,Greenholt-Runolfsson
109,Kuhic Group
110,Murazik-Lesch
111,"Little, Schaden and Bauch"
112,Lockman LLC
113,Ratke-Bayer
114,Kilback and Sons
115,Lemke Inc
116,Cummerata Inc
117,Littel-White
118,"Wuckert, Grady and Orn"
119,Christiansen-Howe
120,"Bernhard, Hand and Schmeler"
121,Wyman-Barton
122,Murray-Connelly
123,Von Inc
124,"Fahey, Ferry and Pouros"
125,"Grady, Greenholt and Deckow"
126,"Pollich, Bergstrom and Heaney"
127,Hermann-West
128,Marquardt-Tremblay
129,"Skiles, Lind and Wehner"
130,"Armstrong, Tillman and Herzog"
131,Russel and Sons
132,Bogisich-Cummerata
133,Jast-Keebler
134,"Boyle, Robel and Purdy"
135,Schoen-Lang
136,"Gibson, Bosco and Dicki"
137,"Schuster, Langosh and Orn"
138,Larson-Okuneva
139,Kirlin Inc
140,Davis LLC
141,Denesik-Zieme
142,Wolff-Herman
143,Kirlin-Bernier
144,"Parisian, Pacocha and Reilly"
145,"Nienow, Lynch and Heathcote"
146,Beer and Sons
147,"Abbott, Batz and Konopelski"
148,Pfeffer-Rohan
149,Waters LLC
150,Welch-Berge
151,Wilkinson Group
152,Cole LLC
153,Keebler Group
154,Botsford Inc
155,Bradtke Inc
156,Dibbert Group
157,Connelly-O'Reilly
158,"Corkery, Heaney and Douglas"
159,Dach-Strosin
160,Larkin-Will
161,Hills-Quitzon
162,Spencer-Upton
163,Wyman-Ankunding
164,Reilly and Sons
165,"Mills, Herzog and Franecki"
166,Armstrong-Marvin
167,Parisian-Ziemann
168,Paucek-Hodkiewicz
169,Bode-Wisoky
170,"Dickinson, Prohaska and Schneider"
171,Friesen and Sons
172,Abbott-Krajcik
173,Kris and Sons
174,O'Reilly-Roob
175,"Monahan, Rice and Heathcote"
176,"Davis, McCullough and Waelchi"
177,Beatty-Kerluke
178,Trantow Group
179,"Lindgren, Herman and Kunze"
180,Torphy-Beer
181,Fisher Inc
182,Becker LLC
183,Hand-Gerlach
184,"Predovic, Gaylord and Doyle"
185,Yost LLC
186,Zulauf-Bogisich
187,Schumm-Walter
188,"Sanford, Little and Blick"
189,Steuber Inc
190,Upton and Sons
191,"Lynch, Batz and Cartwright"
192,Robel-Larkin
193,Skiles-Stanton
194,Koss Inc
195,Bogan Group
196,Marks-Fritsch
197,Hartmann Group
198,Steuber LLC
199,Will-Rohan
200,Parker-Heidenreich
201,Schowalter Inc
202,"Kertzmann, Rodriguez and Gislason"
203,"Berge, Ferry and Witting"
204,"Daniel, Witting and Wilkinson"
205,Grimes LLC
206,"Morissette, Jaskolski and Walter"
207,"Grady, Langosh and Turcotte"
208,"Watsica, Stehr and Watsica"
209,Heaney and Sons
210,"Durgan, Simonis and Hagenes"
211,"Grady, Moore and Carter"
212,Parker-Wisozk
213,Waters LLC
214,Yost-Mayer
215,Funk-Leannon
216,Pfannerstill-Effertz
217,VonRueden Inc
218,Johnson Group
219,Stokes-Conroy
220,Jenkins-Champlin
221,Treutel Group
222,Dietrich-Pollich
223,"Mraz, Wiza and Tremblay"
224,"Schneider, Bode and Labadie"
225,Hahn LLC
226,Waelchi-Nitzsche
227,Kshlerin-Prohaska
228,Moen Group
229,Corwin Inc
230,"Rath, Johnson and Berge"
231,Hamill-Collier
232,Daugherty-Feeney
233,Kulas Inc
234,Padberg-Daniel
235,Kshlerin Group
236,Hartmann-Cummings
237,"Huels, Wiegand and Kub"
238,Von-Labadie
239,"Robel, Bayer and Lueilwitz"
240,Gutmann-Tillman
241,"Wiegand, Walter and Kiehn"
242,"Streich, Kertzmann and Doyle"
243,"Hintz, Kozey and Metz"
244,"Williamson, Franecki and Powlowski"
245,Ferry Inc
246,"Volkman, Lemke and Rodriguez"
247,D'Amore and Sons
248,Schumm-West
249,Hane Group
250,"Oberbrunner, Predovic and Denesik"
251,"Mertz, Terry and Rogahn"
252,Denesik-Rodriguez
253,Bergstrom and Sons
254,"Moore, Murazik and Prohaska"
255,"Heaney, Ferry and Carter"
256,"Gaylord, Hintz and Pagac"
257,Grant-O'Kon
258,Christiansen and Sons
259,Feil LLC
260,White Group
261,Bernier Inc
262,"Donnelly, Schmitt and Kautzer"
263,Cassin-Beer
264,"Volkman, Mueller and Hane"
265,"O'Reilly, Carter and Bogan"
266,Morissette-King
267,Labadie-Nikolaus
268,"Kessler, Runte and Christiansen"
269,Hand and Sons
270,Kerluke Group
271,Purdy and Sons
272,Fay and Sons
273,Jerde and Sons
274,Heathcote Group
275,Klein-Dare
276,Stehr-Gusikowski
277,Kohler and Sons
278,Zulauf-Abbott
279,"Wisozk, Spencer and Rowe"
280,Armstrong-Thompson
281,Wintheiser-Stanton
282,"Marquardt, Will and Carroll"
283,Predovic and Sons
284,Keebler Group
285,Spinka-Cruickshank
286,"Rath, Wisozk and Balistreri"
287,Lemke Inc
288,Roob-Casper
289,Schimmel and Sons
290,Ward-Hauck
291,Rowe-Bartoletti
292,Yundt-Bahringer
293,"Ernser, Metz and Krajcik"
294,Terry Group
295,Okuneva-Simonis
296,Wiegand and Sons
297,"Cronin, Stiedemann and Okuneva"
298,"Waelchi, Erdman and Heaney"
299,West Inc
300,Grant-Gerhold
301,Anderson-Cummerata
302,Heller LLC
303,Hyatt-Bruen
304,Collins-Schuppe
305,Bernier Group
306,Wunsch LLC
307,Waelchi Group
308,Ernser-Runte
309,Moen-Smitham
310,Schroeder LLC
311,Schneider-Dickens
312,Conn LLC
313,Beer LLC
314,Monahan Group
315,Zemlak LLC
316,Leuschke and Sons
317,Bradtke Group
318,Dare LLC
319,Rice Group
320,Schuster Inc
321,Stiedemann-Russel
322,Koss-Lindgren
323,"Zboncak, Bradtke and Kulas"
324,"Hilll, Ratke and Moen"
325,Nicolas and Sons
326,"Carter, Schmidt and Ankunding"
327,"Trantow, Waters and Rogahn"
328,Labadie-Rowe
329,"Cole, MacGyver and Sporer"
330,"Collins, Corkery and Aufderhar"
331,Goyette-Willms
332,Treutel-Moore
333,"Schamberger, Sporer and Carroll"
334,"Torp, Beatty and Vandervort"
335,"Hagenes, Berge and Yundt"
336,Bashirian and Sons
337,Tremblay and Sons
338,Rice-Bednar
339,Hilpert-Gleichner
340,"Schaefer, Schuppe and DuBuque"
341,Bailey-Heidenreich
342,Cormier Inc
343,"Murray, Abbott and Schaefer"
344,"Weimann, Orn and Dach"
345,"Hartmann, Stark and Moen"
346,Bins-Sawayn
347,Renner-Batz
348,Kutch-Wunsch
349,"Altenwerth, Abernathy and Padberg"
350,Cummerata LLC
351,Jacobson and Sons
352,Huels-Macejkovic
353,Gerlach Inc
354,"Yundt, Connelly and Huels"
355,"O'Hara, McGlynn and Daniel"
356,Tremblay-Kemmer
357,Grimes and Sons
358,Kris and Sons
359,Cummings-Langworth
360,Hickle LLC
361,Dickinson-Wilderman
362,"Crona, Rice and Williamson"
363,Volkman Inc
364,Hirthe Group
365,"Gutmann, Steuber and Kohler"
366,Morissette LLC
367,Klein-Williamson
368,Satterfield Group
369,Murray-Veum
370,"Ledner, Schaden and Donnelly"
371,Nienow and Sons
372,"Shields, Carter and Stark"
373,"Reichel, Rolfson and Bergnaum"
374,"Schmeler, Kirlin and Davis"
375,Wolf-Powlowski
376,Schiller Group
377,Hahn Group
378,Mann and Sons
379,"Metz, Herman and Waters"
380,Kub Group
381,McGlynn LLC
382,Pagac and Sons
383,"Batz, Crooks and Collins"
384,"McLaughlin, Grimes and Murray"
385,Rutherford Group
386,Powlowski-Bergstrom
387,Braun-Larkin
388,Gerhold-Lang
389,"Thiel, Ankunding and Gleason"
390,Brown-Gleichner
391,Fahey and Sons
392,Fisher-Kuhlman
393,"Runolfsdottir, Yost and Deckow"
394,Schiller LLC
395,Thiel Inc
396,Kilback Group
397,Cole LLC
398,Larkin LLC
399,"Schowalter, Hodkiewicz and Olson"
400,Tillman-Prosacco
401,Kertzmann-Kertzmann
402,Volkman and Sons
403,Rau-Pagac
404,Howe Group
405,"Bahringer, Waelchi and Romaguera"
406,Donnelly-Langworth
407,"Cartwright, Farrell and Grady"
408,Kuhn Inc
409,Willms-Blick
410,Shields-Pacocha
411,"Cormier, Keebler and Schroeder"
412,McClure Group
413,Fisher LLC
414,Nolan Group
415,"Beahan, MacGyver and Botsford"
416,Powlowski Inc
417,Kautzer Inc
418,Veum-Shanahan
419,McKenzie and Sons
420,Gulgowski-Welch
421,"Becker, Cartwright and Powlowski"
422,Abbott Group
423,Gutmann-Champlin
424,"Jones, Schneider and Kulas"
425,Borer Group
426,Schoen-Blick
427,Wyman-O'Conner
428,Nicolas-Zboncak
429,Collier LLC
430,"Gorczany, Gusikowski and Walsh"
431,"Rohan, Kunze and Kemmer"
432,"King, Denesik and DuBuque"
433,"Hudson, Schumm and Crist"
434,"Glover, Franecki and Kreiger"
435,West-Bechtelar
436,Braun Group
437,"Olson, Tremblay and Ortiz"
438,Quigley and Sons
439,Schaefer LLC
440,Mraz Group
441,Halvorson-Lemke
442,Mante and Sons
443,"Ryan, Graham and Zulauf"
444,Botsford-Huels
445,Cummings-Greenfelder
446,Ledner Group
447,Bergstrom LLC
448,Friesen-Emmerich
449,White Group
450,Emmerich and Sons
451,"Anderson, Kessler and Powlowski"
452,Gibson and Sons
453,Kirlin Group
454,Altenwerth-Donnelly
455,"Bruen, Johnson and Kulas"
456,"Connelly, Johnston and Ledner"
457,Conroy-Rogahn
458,Fadel Group
459,"Nikolaus, Stark and Grant"
460,Huel Inc
461,"Romaguera, Vandervort and Frami"
462,Berge Group
463,Rippin-Wisoky
464,Romaguera Inc
465,Kuhic-Crooks
466,Pagac-Huel
467,"Bauch, Raynor and Kassulke"
468,Koss Inc
469,Rice-Toy
470,"Prohaska, Conn and Connelly"
471,Goyette Inc
472,"Tremblay, Labadie and Bergnaum"
473,Simonis-Pfannerstill
474,Feeney-Grady
475,Rau LLC
476,Dickinson LLC
477,Senger and Sons
478,"Bruen, Bayer and Weimann"
479,Davis LLC
480,"Baumbach, Cruickshank and Kreiger"
481,Roberts-Harris
482,Krajcik-Windler
483,"Cronin, Stehr and Runolfsdottir"
484,Brown and Sons
485,"Weimann, Rath and Langworth"
486,"Dach, Hyatt and Bogisich"
487,Connelly Inc
488,"Kautzer, Murphy and Predovic"
489,"Nienow, Kilback and Schiller"
490,Hand-Lemke
491,"Casper, Mills and Schaden"
492,Stroman Group
493,"Schuppe, Lind and Rempel"
494,"Donnelly, Little and Doyle"
495,"Donnelly, Turcotte and Streich"
496,"Ledner, Schuppe and Sipes"
497,O'Connell-Harvey
498,Reichert LLC
499,Feest-Haley
500,Wolf-Ortiz
501,Fay-Rath
502,Schumm Inc
503,Connelly-Mosciski
504,Hahn-Will
505,"Bayer, Jenkins and Schuppe"
506,Adams Inc
507,Streich-Nitzsche
508,Anderson-Fritsch
509,Heller-Robel
510,Volkman Group
511,Wuckert-Reichert
512,"Abernathy, Lynch and Walter"
513,Swift LLC
514,Friesen-Cummings
515,"Macejkovic, Murray and Hintz"
516,"Kunde, Hudson and Moore"
517,Little Group
518,"Luettgen, Goyette and Zboncak"
519,Dickinson-Hackett
520,Zboncak Group
521,Kilback-Funk
522,McKenzie Inc
523,Smith LLC
524,O'Keefe Inc
525,Haley Group
526,"Mayert, Mertz and Schaefer"
527,Johns-Johnston
528,Ullrich Group
529,"Williamson, Klein and Daugherty"
530,Grimes and Sons
531,Treutel-Crona
532,Doyle-Cartwright
533,Hoeger LLC
534,Mosciski-Mills
535,Little Inc
536,Windler LLC
537,"Cole, Boyle and Rohan"
538,Braun LLC
539,Hoppe-Collier
540,"Mante, Hauck and Windler"
541,Swift-White
542,Braun LLC
543,"Orn, Watsica and McClure"
544,Schulist-Runolfsson
545,Schulist-Hodkiewicz
546,Davis and Sons
547,"Altenwerth, Haley and Stark"
548,"Nikolaus, Hessel and Hodkiewicz"
549,"Bahringer, Greenfelder and Heaney"
550,"Hudson, Crooks and VonRueden"
551,"Smith, Bode and VonRueden"
552,"Kertzmann, Labadie and Hessel"
553,Gottlieb-Hahn
554,Klein-Lang
555,Koch and Sons
556,"Roob, Sporer and D'Amore"
557,Morar-Haag
558,Conroy-Rowe
559,Kessler-Pouros
560,Spinka LLC
561,Cummerata-Moen
562,Kihn Inc
563,"Armstrong, Beatty and Erdman"
564,Hoppe-Jaskolski
565,Wiegand Group
566,Sauer-Kling
567,Hermann Inc
568,Hodkiewicz-VonRueden
569,Price-Larson
570,"Williamson, Weissnat and Lemke"
571,Fahey-Muller
572,Parker-Medhurst
573,"Bergnaum, Fadel and Johns"
574,Terry-Dooley
575,Roberts LLC
576,"Goyette, Bode and Cassin"
577,Larson-Baumbach
578,Rohan and Sons
579,Pouros-Collier
580,Konopelski Inc
581,Schuppe and Sons
582,Wiza and Sons
583,Lesch-Bogisich
584,"Russel, Purdy and Koepp"
585,"Lakin, Howell and Crooks"
586,"McDermott, Lang and Schumm"
587,Reilly-Kuhic
588,Bashirian Inc
589,Bergstrom LLC
590,"Parisian, Mills and Wyman"
591,Emard-Marquardt
592,Sipes and Sons
593,"Reinger, Brakus and Sauer"
594,Herzog-Lubowitz
595,"Kassulke, Bergnaum and Lowe"
596,Emard-Hudson
597,"Hermiston, Grady and Schuppe"
598,"Streich, Bartoletti and Abernathy"
599,Treutel and Sons
600,McDermott-Cremin
601,Heathcote LLC
602,Carroll Group
603,Keebler Inc
604,Osinski-Denesik
605,"Considine, McLaughlin and Wunsch"
606,Stroman-Baumbach
607,Hills-Lindgren
608,Dicki-Pagac
609,Crona and Sons
610,"Kuphal, Sanford and Hills"
611,Lemke Group
612,"Zemlak, Conn and Koelpin"
613,Gibson-Mante
614,Murphy-Jerde
615,"Nitzsche, Baumbach and Crist"
616,Stamm LLC
617,Rippin LLC
618,"Kessler, Trantow and Runolfsdottir"
619,"Schneider, Kozey and Lesch"
620,Corwin-Rau
621,Aufderhar LLC
622,Zulauf LLC
623,Kulas Group
624,"Kulas, Hudson and Emard"
625,"Lang, Cremin and Wisozk"
626,Hudson-Walker
627,"Abernathy, Swaniawski and Jakubowski"
628,"Deckow, Braun and Yost"
629,Ziemann Group
630,"Gutmann, Kuhn and Marks"
631,"Tromp, Ullrich and Ratke"
632,"Corwin, Heathcote and Rutherford"
633,Frami and Sons
634,Abshire-Hodkiewicz
635,"Murphy, Rolfson and Franecki"
636,"Schneider, Roberts and Smitham"
637,"Shanahan, Runolfsson and Harvey"
638,"Roberts, Bernier and Schultz"
639,Hilpert and Sons
640,Crist-Tillman
641,Reynolds LLC
642,"Keeling, Kling and Gutmann"
643,Lemke Group
644,Brakus-Doyle
645,"Hand, Klein and Jacobs"
646,Conn-Corkery
647,"Bruen, Schulist and Medhurst"
648,Heaney-Heathcote
649,"Mraz, Luettgen and Schaefer"
650,Okuneva Group
651,"Stark, Morissette and Parisian"
652,Cole-Farrell
653,Corwin-Schmitt
654,Haley-Hermann
655,Kunde-Romaguera
656,Larson-Heller
657,Fay-Pfeffer
658,O'Keefe Group
659,Weber LLC
660,Brakus and Sons
661,Hammes-Trantow
662,Waters-Powlowski
663,"Volkman, Rau and Mitchell"
664,"Nicolas, Jacobi and Koelpin"
665,"Fadel, Casper and Batz"
666,"Larson, Buckridge and Feest"
667,"Murazik, Bailey and Wisoky"
668,"Bernhard, Wintheiser and Davis"
669,Fritsch LLC
670,Stracke-Rau
671,Monahan LLC
672,"Kub, Stanton and Gottlieb"
673,Nicolas and Sons
674,Spencer LLC
675,Zieme Group
676,"Jakubowski, Wyman and Jacobson"
677,"Schuppe, Spencer and Hauck"
678,Bashirian and Sons
679,Lemke Group
680,"McLaughlin, Lindgren and Cronin"
681,Bradtke Inc
682,Boehm LLC
683,"Ward, Hilpert and O'Connell"
684,Buckridge-Emard
685,Dare and Sons
686,"Schumm, Bins and Wilkinson"
687,McLaughlin LLC
688,"Howell, Torp and Buckridge"
689,Feeney LLC
690,Schowalter and Sons
691,"Beier, Turcotte and Schroeder"
692,Larkin-Effertz
693,Ryan-Weissnat
694,"Terry, Mayer and Considine"
695,Gutmann-Dietrich
696,Paucek Group
697,"Friesen, Feest and Nienow"
698,Hintz LLC
699,Murphy Group
700,Miller-Schneider
701,Walter-Denesik
702,Bosco Inc
703,Lindgren-Klein
704,Dibbert Inc
705,Beahan-Kuhlman
706,Hansen-Lynch
707,"Nitzsche, Mohr and D'Amore"
708,"Daniel, Kihn and Kulas"
709,"Purdy, King and Fadel"
710,Gleason Inc
711,Waelchi and Sons
712,"Wyman, Larkin and Hammes"
713,Swaniawski Group
714,Emard and Sons
715,Satterfield and Sons
716,Hammes-Davis
717,Frami-Jacobi
718,"Orn, Dibbert and Price"
719,Wilkinson and Sons
720,Ledner-Cartwright
721,Schoen Group
722,Ryan-Bernier
723,Rath-Kunde
724,Koss Group
725,Cole-Trantow
726,DuBuque Inc
727,"Weissnat, Ryan and Jacobi"
728,"Schultz, Stoltenberg and Corkery"
729,Hartmann-Kuhn
730,King-Wilderman
731,"Pollich, Miller and Wyman"
732,Welch Inc
733,Grimes-Wuckert
734,Braun-McDermott
735,"Parisian, Larson and Rippin"
736,Russel and Sons
737,Blanda-Hane
738,Huels Inc
739,Upton-Johnston
740,Brown-Vandervort
741,Spinka-Sipes
742,McClure-Ritchie
743,Reynolds-Wunsch
744,"Runolfsson, Huels and Jacobson"
745,Schuster Group
746,Rath Group
747,Trantow Group
748,"Harvey, Schuster and Fadel"
749,Botsford-Cartwright
750,Sporer-Smitham
751,"Dibbert, Kub and Trantow"
752,Green LLC
753,"Daniel, Weissnat and Bayer"
754,Hammes-Daniel
755,"Zieme, Smith and Powlowski"
756,Turner-Kertzmann
757,Wehner Inc
758,Dickinson-Larson
759,Okuneva Inc
760,Stanton-Swift
761,Raynor-Anderson
762,Erdman and Sons
763,Bosco Group
764,"Waters, Pacocha and Rolfson"
765,Quitzon-Mante
766,"Fay, Orn and Klein"
767,"Reinger, Nicolas and Haley"
768,"Lueilwitz, Waters and Halvorson"
769,Hilll-Purdy
770,Walker Group
771,"Veum, Davis and Ruecker"
772,"Fahey, Ferry and Pagac"
773,"Zboncak, Lueilwitz and Hudson"
774,"Windler, Kihn and Schiller"
775,Marvin Group
776,Sporer and Sons
777,"Waters, Simonis and Rohan"
778,Larkin LLC
779,Hermann-Grant
780,"Gerlach, Champlin and O'Kon"
781,Treutel-Lebsack
782,"Stehr, Prohaska and Fritsch"
783,Luettgen-Corwin
784,Jacobson and Sons
785,Bradtke-Nitzsche
786,Krajcik-Kertzmann
787,Bruen LLC
788,Wilderman Group
789,"Bergnaum, Wehner and Rolfson"
790,Bartoletti and Sons
791,Ryan-Harber
792,Leffler and Sons
793,Morissette Inc
794,"Stokes, Lehner and Parisian"
795,Greenfelder and Sons
796,Oberbrunner-Maggio
797,Nienow-Marvin
798,Bogan Group
799,Beier-Bauch
800,Greenholt Group
801,Durgan and Sons
802,Spinka-Kemmer
803,DuBuque Inc
804,"Mraz, Wisozk and McDermott"
805,"Heaney, Bartell and Weimann"
806,"Schiller, Spinka and Rodriguez"
807,"Emard, Pacocha and Howe"
808,Breitenberg Group
809,Berge Group
810,"Moen, Padberg and Gulgowski"
811,"Sipes, King and Zieme"
812,Vandervort-Nikolaus
813,Hessel and Sons
814,"Quigley, O'Keefe and Walsh"
815,"Ortiz, Altenwerth and Torphy"
816,Gottlieb Inc
817,"Russel, Gutkowski and Koelpin"
818,"Purdy, Schimmel and Feest"
819,Altenwerth-Fay
820,Pollich-Raynor
821,Harber and Sons
822,"Russel, Kassulke and Rutherford"
823,Stokes-Ernser
824,"Little, Daugherty and Bartoletti"
825,"Powlowski, Weber and Beahan"
826,"Bosco, Kirlin and Bechtelar"
827,Rodriguez-Prohaska
828,"Reichert, D'Amore and O'Hara"
829,"Stanton, Hahn and Stoltenberg"
830,"Price, Tromp and Turner"
831,Marks and Sons
832,Anderson-Dickens
833,Schulist Group
834,Shanahan and Sons
835,Koch Group
836,"Bahringer, Luettgen and Lockman"
837,Bechtelar and Sons
838,Schoen-Hoppe
839,"Deckow, Erdman and Crist"
840,Parisian-Adams
841,Feil-Price
842,Halvorson LLC
843,Mohr-McGlynn
844,"Rodriguez, Bernier and Labadie"
845,Friesen-Kutch
846,"Little, Sipes and Hilll"
847,Ruecker and Sons
848,Keebler-Rosenbaum
849,Okuneva-Corkery
850,Nader LLC
851,Rodriguez and Sons
852,"Williamson, Rogahn and Ruecker"
853,Bergstrom Inc
854,Nienow LLC
855,Rau-Nitzsche
856,"Lindgren, Toy and Pagac"
857,"Roberts, Klocko and Klein"
858,Hermann-Zboncak
859,"Thiel, Trantow and Kshlerin"
860,Adams-D'Amore
861,Okuneva-Kassulke
862,"Hansen, Cormier and Berge"
863,"Heller, Blick and Klein"
864,Koch-Stroman
865,Gaylord-Beer
866,Kris and Sons
867,Fadel-Schimmel
868,"McLaughlin, Goyette and Predovic"
869,Gaylord-Auer
870,Muller Group
871,"Spinka, Pagac and Kuhlman"
872,Paucek Group
873,"Vandervort, Kihn and Hartmann"
874,Hirthe-Kunde
875,Graham and Sons
876,Morar-Labadie
877,Towne Inc
878,Klocko-Bechtelar
879,"Halvorson, Stroman and Cassin"
880,Harber-Koch
881,Harvey-Sanford
882,Watsica-Waters
883,Harris and Sons
884,Koepp-Conn
885,"Weimann, Conn and Nolan"
886,Padberg-Hauck
887,"Quitzon, Klocko and Abshire"
888,Armstrong Group
889,"Kshlerin, Farrell and Gorczany"
890,"Mohr, Lesch and Hettinger"
891,"Doyle, Steuber and Leuschke"
892,Hagenes LLC
893,"Smith, Crooks and Gulgowski"
894,"Prosacco, Wilderman and Nikolaus"
895,Prosacco-Aufderhar
896,Shields-Bernier
897,Kemmer and Sons
898,"Reichel, Cremin and Lehner"
899,"Bartoletti, Sporer and O'Connell"
900,O'Reilly Group
901,"Swaniawski, Feil and Nienow"
902,Pfannerstill LLC
903,Bogisich-Ankunding
904,Stoltenberg-Zieme
905,Marquardt-Boyle
906,"Kertzmann, Harvey and Rohan"
907,"Kling, Keebler and Cole"
908,"Welch, Reilly and Effertz"
909,Feest-Beahan
910,"Grimes, Davis and Hamill"
911,Bergnaum-Paucek
912,Senger-Bradtke
913,Johns Group
914,Osinski-Howell
915,Marquardt-Wolff
916,Zulauf Inc
917,Brakus Group
918,Borer LLC
919,Gaylord Group
920,Koelpin-Kirlin
921,Schuppe Group
922,"Kemmer, Pollich and Watsica"
923,"Harber, Abbott and Mante"
924,"Hills, Mayert and Turner"
925,"Hilpert, Bartell and Huels"
926,"Mayer, Nienow and Wehner"
927,"Bayer, Orn and Larson"
928,O'Conner-Renner
929,"Carroll, Braun and Considine"
930,Sporer-Mohr
931,Glover Group
932,Stroman-Upton
933,"Klein, Boehm and Schumm"
934,Cartwright Group
935,Koss-Smith
936,"Spinka, Murray and Schoen"
937,"Ryan, Goyette and Lindgren"
938,"Murazik, Kuphal and Bahringer"
939,Prohaska-Stamm
940,"Feeney, Marks and Rogahn"
941,Leannon and Sons
942,Bechtelar and Sons
943,Mante-Mann
944,Orn-Jacobson
945,Kub LLC
946,Rodriguez Group
947,Strosin and Sons
948,Cremin and Sons
949,Gerlach and Sons
950,Funk-Leannon
951,Rolfson-Skiles
952,"Abbott, Hilll and Fadel"
953,Koss-Cassin
954,"Runolfsson, Stehr and Goldner"
955,Beatty-Schiller
956,"Welch, Hudson and Klocko"
957,"Hamill, Littel and Bernhard"
958,Stiedemann-Brown
959,Hilpert and Sons
960,"Lockman, Shanahan and Rodriguez"
961,Robel and Sons
962,Grimes Group
963,Pouros and Sons
964,Gorczany LLC
965,"Treutel, Haag and Hermiston"
966,VonRueden Group
967,Harvey-Schowalter
968,McGlynn and Sons
969,Barton Group
970,"Kerluke, Gusikowski and Douglas"
971,Leannon-Baumbach
972,"O'Reilly, Swaniawski and Rath"
973,Carter Inc
974,Mayer and Sons
975,"Frami, Monahan and Gusikowski"
976,Daniel Group
977,"Conn, Smitham and Kovacek"
978,"Beahan, Koelpin and Miller"
979,"Jast, Zboncak and Leffler"
980,Veum and Sons
981,Rogahn and Sons
982,Macejkovic and Sons
983,"White, Kihn and Gutmann"
984,Heller Inc
985,Friesen-Johns
986,Kuhlman Group
987,"Will, Walsh and Powlowski"
988,"Wunsch, Rohan and Goyette"
989,Haag-Frami
990,Lubowitz Group
991,Mueller-Runte
992,"Legros, Rice and Dooley"
993,"Erdman, Jacobson and Gutkowski"
994,Tremblay and Sons
995,"Boyle, Dietrich and Kertzmann"
996,"Abbott, Hand and Lebsack"
997,Schmeler and Sons
998,King Inc
999,"Bernier, Sawayn and Morissette"
1000,"Emmerich, Nicolas and Goyette"
