c_clientId,c_clientName
1,"Gislason, Cummings and Predovic"
2,Feil-Bode
3,Dibbert Inc
4,"Hagenes, Howell and Farrell"
5,"Lind, Anderson and Wiza"
6,Rippin-Schiller
7,Rau and Sons
8,Farrell-Rau
9,Heathcote-Jerde
10,Jacobs-Steuber
11,Keebler-Schulist
12,Harris-Flatley
13,Reilly-Quitzon
14,Deckow and Sons
15,"Hahn, Walter and Stokes"
16,"Abshire, Roob and Koepp"
17,Krajcik-Ankunding
18,"King, Shields and Gutmann"
19,Gottlieb and Sons
20,"Schaefer, Nienow and Runte"
21,Dare and Sons
22,"Powlowski, Blanda and Schulist"
23,Hilpert-Christiansen
24,Denesik-Quitzon
25,Miller and Sons
26,Ruecker LLC
27,Legros and Sons
28,"Stiedemann, Emmerich and Cremin"
29,Jast Inc
30,Champlin-Koch
31,Dare-Nitzsche
32,Koss Inc
33,"Cruickshank, Kassulke and Schuppe"
34,Bartoletti-Zboncak
35,Mohr-Sawayn
36,Hand Inc
37,Bednar-Hermann
38,"Mraz, Cassin and Daugherty"
39,Morissette-Wisozk
40,Oberbrunner-Mraz
41,"Beer, O'Kon and Marquardt"
42,"Rau, Crooks and Schowalter"
43,Konopelski LLC
44,"Weissnat, Predovic and Kuvalis"
45,"McClure, Wunsch and Frami"
46,Wintheiser and Sons
47,Watsica-Quitzon
48,"Labadie, Satterfield and Schaden"
49,Reynolds-O'Keefe
50,Kessler Inc
51,"Leuschke, Murazik and Stehr"
52,"Wiza, Willms and Champlin"
53,Dietrich Inc
54,"Balistreri, Fadel and Auer"
55,Brekke Group
56,Bechtelar-Ankunding
57,Legros-Mante
58,Smitham Inc
59,Osinski LLC
60,Rath Group
61,"Little, Towne and Leannon"
62,"Grady, Koss and Corwin"
63,Nitzsche Inc
64,"Beahan, Shanahan and Hane"
65,Feeney Group
66,Schowalter and Sons
67,Feest-Wiza
68,Ankunding-Jast
69,Boyer Inc
70,"Stark, Runolfsdottir and Kuhlman"
71,"Bahringer, Murray and Halvorson"
72,Hamill-Douglas
73,"Hessel, Green and Bergnaum"
74,Parisian-Price
75,Harris-Kertzmann
76,Collins-Waelchi
77,Schowalter and Sons
78,"Lueilwitz, Lehner and Shanahan"
79,"Schowalter, Corkery and Hauck"
80,"Parisian, Ziemann and Wisoky"
81,McGlynn-Baumbach
82,Ruecker LLC
83,Medhurst-Greenholt
84,Leannon Group
85,Cruickshank Inc
86,Anderson Group
87,"Hackett, Runolfsdottir and Lebsack"
88,Beier-Franecki
89,"McCullough, Gislason and Windler"
90,Konopelski LLC
91,"Carter, Rempel and Ruecker"
92,Feest LLC
93,Cruickshank and Sons
94,O'Keefe Group
95,"Osinski, Conroy and Brekke"
96,Corwin Group
97,Powlowski-King
98,Jast-Mertz
99,"Russel, Weimann and Howe"
100,Klocko and Sons
101,Jacobi-DuBuque
102,Marquardt-Heidenreich
103,"Ortiz, Hilpert and Braun"
104,Feil-Kshlerin
105,Hoeger-McKenzie
106,"Schamberger, Cruickshank and Reilly"
107,"Pouros, Prohaska and Boyle"
108,Swift-Raynor
109,"Toy, Conroy and Nitzsche"
110,"Gottlieb, Reichert and Lemke"
111,"Christiansen, Gaylord and Swift"
112,Lebsack LLC
113,Sawayn and Sons
114,Stiedemann LLC
115,Green Inc
116,Hayes-Jenkins
117,Homenick-Johns
118,"Mertz, Mohr and Pouros"
119,"Zboncak, Windler and Gleason"
120,Olson-Vandervort
121,Conn Group
122,Koch LLC
123,Ankunding Inc
124,Sauer-Ebert
125,Nader LLC
126,"Carter, Nader and Gusikowski"
127,Hills-Wisoky
128,Bayer and Sons
129,Casper-Stark
130,Ryan-Streich
131,Dibbert-Leannon
132,Kassulke-Zboncak
133,Auer Inc
134,Rau-West
135,O'Keefe Group
136,Grady-Greenfelder
137,"Heathcote, Kshlerin and Luettgen"
138,Cole LLC
139,Lebsack-Swift
140,Leannon-Mills
141,"D'Amore, Howe and Rowe"
142,VonRueden Group
143,Nikolaus Inc
144,"Prohaska, Terry and Schmitt"
145,Jakubowski Inc
146,Rogahn Group
147,Prohaska and Sons
148,"Ward, Rath and Gutkowski"
149,Zieme Inc
150,Wilderman Inc
151,"Boyle, Gislason and Braun"
152,Morar Group
153,"Ziemann, Kuphal and Champlin"
154,"Rolfson, Stiedemann and Thiel"
155,Thiel-Robel
156,"Conroy, Walter and Rodriguez"
157,Denesik LLC
158,"Spencer, Hills and Hackett"
159,Kihn-Rath
160,Buckridge Inc
161,Erdman LLC
162,Reilly-Yost
163,Bradtke and Sons
164,"Breitenberg, Cremin and Zulauf"
165,"Osinski, Glover and Pouros"
166,Kuvalis Inc
167,"Huels, Wolff and Wiegand"
168,Jones and Sons
169,Wilderman Group
170,Jacobs LLC
171,"Sporer, Turner and Smitham"
172,Brekke and Sons
173,Gerhold-Tillman
174,"Collier, Kozey and Blick"
175,Jacobson-Torphy
176,Wintheiser-Powlowski
177,Collins-Runolfsdottir
178,Kuhlman LLC
179,Schneider LLC
180,Reynolds and Sons
181,"Breitenberg, Gislason and Wehner"
182,"Daniel, Dickinson and Carter"
183,Herman-Rippin
184,Goyette-Herman
185,"Kunze, Powlowski and Ortiz"
186,Grimes LLC
187,Brekke-Bernhard
188,"Ernser, Boyer and Rempel"
189,Jacobi Group
190,Kreiger Inc
191,Quigley-Walker
192,Murphy-Wisozk
193,Howell and Sons
194,Kihn Group
195,"Rodriguez, Crist and Wiza"
196,"Bailey, Heaney and Sipes"
197,"Okuneva, Denesik and Keebler"
198,Marvin and Sons
199,"Herman, Collier and Schmeler"
200,Wintheiser-Conn
201,Kutch and Sons
202,Hegmann and Sons
203,"Brakus, Volkman and D'Amore"
204,Carter LLC
205,Simonis-Auer
206,Parker Inc
207,White and Sons
208,Lesch-Walsh
209,"Hermann, Rau and Runte"
210,"Walsh, Heathcote and Stark"
211,Kiehn-Hoeger
212,Herman-Breitenberg
213,Ratke and Sons
214,Strosin Group
215,Schmitt LLC
216,"Rodriguez, Smitham and Howell"
217,Pfeffer-Kiehn
218,"Schimmel, Kautzer and Kilback"
219,Price Group
220,"King, Howe and Borer"
221,"Frami, Fadel and Ryan"
222,"Crona, Dicki and Senger"
223,Beatty Group
224,Keebler and Sons
225,"Haley, Kuvalis and Altenwerth"
226,"Cruickshank, Leannon and Tillman"
227,"Hermann, Schmitt and O'Hara"
228,Terry LLC
229,Emmerich-Sauer
230,Koepp LLC
231,"Fahey, Harber and Hermiston"
232,Schiller Group
233,Robel Group
234,Kuvalis-Hane
235,"Ferry, Tillman and Treutel"
236,"Shanahan, Kuhlman and Botsford"
237,Greenholt-Jenkins
238,"Tromp, Runolfsson and Robel"
239,Jaskolski-Dickinson
240,Kihn and Sons
241,Graham-DuBuque
242,Russel-Dibbert
243,"Graham, Hegmann and Harvey"
244,Wunsch Group
245,Kohler-Graham
246,Wuckert-Ryan
247,Beier Inc
248,"Cassin, Aufderhar and Littel"
249,"Sanford, Heller and Wisozk"
250,"Cummerata, Bins and Swaniawski"
251,Wilderman and Sons
252,Rippin-Armstrong
253,Anderson LLC
254,"Fay, Strosin and Swift"
255,Hoppe-Feeney
256,"Brown, Mueller and Feeney"
257,"Jakubowski, Boyer and Abbott"
258,Champlin and Sons
259,Schuster-Moore
260,Johnston-Lindgren
261,"Jacobi, Yundt and Schmitt"
262,Schneider Group
263,"Jacobi, Wisoky and Harvey"
264,Runte Group
265,"Koch, Pollich and Kuhn"
266,Boyer LLC
267,Bauch Group
268,"Deckow, Dach and Brekke"
269,Zulauf-Heller
270,O'Connell-Walker
271,Yundt and Sons
272,"Walter, Bergstrom and Glover"
273,"Schoen, Medhurst and Huel"
274,Pfeffer-Mertz
275,Hayes LLC
276,Weimann and Sons
277,Cummings Group
278,Harber-Medhurst
279,Flatley and Sons
280,Berge-Kihn
281,"Grant, Walter and Reinger"
282,"Moore, Hudson and Crona"
283,Connelly and Sons
284,Macejkovic and Sons
285,"Murazik, Rutherford and Renner"
286,Hickle Inc
287,"Lakin, Kutch and Hand"
288,"Klein, Christiansen and Murray"
289,Douglas-Becker
290,Legros-Cassin
291,"Gottlieb, Hartmann and Miller"
292,Von LLC
293,Hammes-Wilkinson
294,Hermiston-Pfannerstill
295,"Erdman, Brakus and Boehm"
296,Jakubowski Group
297,Bruen-Purdy
298,Rau-O'Reilly
299,"O'Reilly, Russel and Reichert"
300,Purdy-O'Reilly
301,"Nienow, Hudson and Cartwright"
302,MacGyver Group
303,Zieme-Moen
304,"Ankunding, Haag and Morar"
305,Daugherty-Bashirian
306,"Powlowski, Legros and Durgan"
307,Wintheiser-Hammes
308,"Rau, Rempel and Gottlieb"
309,Gutmann Inc
310,"Lindgren, McKenzie and Stokes"
311,Jakubowski LLC
312,"Hyatt, Schiller and Gutkowski"
313,Lindgren-Von
314,Herzog-Schaden
315,"Keebler, Stamm and Kilback"
316,"Ortiz, Towne and Purdy"
317,"Ward, Witting and Metz"
318,Schaefer and Sons
319,Roberts and Sons
320,Tromp-Grady
321,Little Inc
322,Pfeffer-O'Conner
323,Konopelski-Reichert
324,"Denesik, Weimann and Fadel"
325,Crona Inc
326,Robel-Walsh
327,"Stiedemann, O'Kon and Keeling"
328,Von Group
329,Kilback-Christiansen
330,Sanford Inc
331,Greenholt-Ferry
332,"Gulgowski, Graham and Zemlak"
333,Botsford-Schinner
334,"Morissette, Wiza and Murray"
335,"Krajcik, Pouros and Bartell"
336,Hudson-Osinski
337,Kiehn and Sons
338,Hettinger and Sons
339,"Schinner, Koch and Hills"
340,Kling-Anderson
341,Toy LLC
342,"Shields, Kiehn and Hirthe"
343,Rippin and Sons
344,Rice Group
345,Prosacco-Predovic
346,"Volkman, Emard and Haag"
347,"Daniel, Stamm and Douglas"
348,Gutmann Inc
349,Ward-Walker
350,Kulas-Greenfelder
351,"Koss, Herman and Jacobson"
352,"Barrows, Murray and Kautzer"
353,"Hagenes, O'Keefe and Bogan"
354,Windler-Schiller
355,Boehm-Schuppe
356,"McClure, Parisian and Quitzon"
357,"Barton, Lakin and Gerlach"
358,Stokes-Orn
359,"Greenfelder, Wilkinson and Abernathy"
360,"Purdy, Lehner and Walsh"
361,Krajcik-Hauck
362,"Lebsack, Borer and Moen"
363,Wintheiser Inc
364,"Larkin, Moen and Grady"
365,Franecki Group
366,"Farrell, Klocko and Hartmann"
367,Bartoletti-Wuckert
368,Goyette-Hauck
369,"Harber, Conroy and Romaguera"
370,"Cummings, Kub and Halvorson"
371,Beer and Sons
372,Kozey Group
373,"Ritchie, Strosin and Graham"
374,"Harber, Grady and Brakus"
375,"Ferry, Beahan and Wiegand"
376,"Rempel, Kiehn and Jones"
377,"Hirthe, Gaylord and Batz"
378,Quitzon Inc
379,Harber and Sons
380,"Funk, Dooley and Bosco"
381,Donnelly Group
382,Pfeffer LLC
383,"Breitenberg, Labadie and Labadie"
384,Balistreri-Jakubowski
385,Kohler-Weimann
386,Schultz Inc
387,Homenick Inc
388,"Nicolas, Donnelly and Gerhold"
389,"Harber, Torp and Hoeger"
390,Hessel-Predovic
391,Armstrong LLC
392,Schneider and Sons
393,"Huels, Heidenreich and Hane"
394,"Wilderman, Gibson and McLaughlin"
395,Medhurst Inc
396,"Goyette, Gaylord and Sauer"
397,"Reichel, Prohaska and Beahan"
398,"Huels, Marvin and Littel"
399,"Friesen, Weissnat and Emmerich"
400,"Hane, Schimmel and Effertz"
401,Stroman-Ondricka
402,Kerluke Inc
403,Dietrich and Sons
404,Klein-Yost
405,Gutmann-Walter
406,Mertz LLC
407,Halvorson-Reynolds
408,"Johnson, Wintheiser and Connelly"
409,Dare-Funk
410,Reinger-Davis
411,Smitham-Price
412,Wolff LLC
413,Romaguera LLC
414,Bruen and Sons
415,"Gibson, Ullrich and Emmerich"
416,Kuhic Inc
417,Zieme Inc
418,"Borer, Wisoky and Rowe"
419,"Reinger, Kihn and Gorczany"
420,Satterfield LLC
421,Cruickshank and Sons
422,Lockman-Morissette
423,"Gulgowski, Volkman and Rau"
424,Adams-Konopelski
425,Rosenbaum-Jakubowski
426,"Fay, Nader and Feeney"
427,McClure-Streich
428,Littel Group
429,Ritchie-Dooley
430,Wisozk-Ebert
431,"D'Amore, Ritchie and Bartell"
432,Bartoletti LLC
433,Howell Inc
434,Runte-Brekke
435,White-Kertzmann
436,Heaney-Heaney
437,Gottlieb-Breitenberg
438,"Brown, Brakus and Frami"
439,Mayert LLC
440,"Russel, Turcotte and McLaughlin"
441,"Schuppe, Rippin and Farrell"
442,Dietrich-Reichert
443,Stark and Sons
444,"Marks, Bruen and Mayer"
445,"Kassulke, Ankunding and Effertz"
446,Fay and Sons
447,"Gislason, Bosco and Nader"
448,Hettinger LLC
449,Leffler LLC
450,"Morar, Kertzmann and Wunsch"
451,Greenholt-Kshlerin
452,"Weissnat, Schiller and Welch"
453,Hauck LLC
454,Lebsack-Ritchie
455,Lemke-Batz
456,"Kilback, Johnson and Glover"
457,"Rutherford, Flatley and Baumbach"
458,"Treutel, Bartoletti and Beier"
459,Wilderman-Weimann
460,Skiles Inc
461,Balistreri-Goldner
462,Hickle Inc
463,Harber-Carroll
464,Lemke-Feeney
465,"Harvey, Bauch and Quitzon"
466,Muller LLC
467,Jacobi-Wolff
468,"Zulauf, Jacobi and Reilly"
469,Dare Group
470,"Turner, Leuschke and Lemke"
471,Bednar-Brekke
472,Smitham and Sons
473,Heathcote LLC
474,Fadel and Sons
475,"Beahan, Schiller and Braun"
476,Spinka-Schimmel
477,Carter and Sons
478,Zboncak-Auer
479,Leuschke-Schamberger
480,"Nicolas, Heidenreich and Miller"
481,Ruecker and Sons
482,Fadel-Hessel
483,Kilback Group
484,Miller-Padberg
485,Tremblay LLC
486,"Abernathy, Ward and Runolfsdottir"
487,Orn LLC
488,Hoppe LLC
489,Hane-Baumbach
490,"Pacocha, Mills and Ullrich"
491,Pacocha-Reinger
492,"Cole, Prosacco and Steuber"
493,Ziemann LLC
494,Lynch-Rogahn
495,Pollich-Kulas
496,"Bogan, Hamill and Crist"
497,Krajcik Group
498,Hane and Sons
499,Bashirian Inc
500,"Heller, Sawayn and Bechtelar"
501,Schumm-Koss
502,"Lowe, Haag and Kuhn"
503,"Murphy, West and Larson"
504,"Rempel, Lueilwitz and Stroman"
505,"DuBuque, Kozey and Waelchi"
506,Lang-McDermott
507,Abernathy and Sons
508,"Wilderman, Bashirian and Hansen"
509,Bauch-Pagac
510,"Shanahan, Toy and Reilly"
511,"Rau, Waelchi and Jones"
512,Murazik Group
513,"Sanford, Little and Hansen"
514,Bednar LLC
515,Halvorson Inc
516,"Little, Schuppe and Schaefer"
517,"Crist, Zulauf and Yost"
518,West Group
519,"Bruen, Cartwright and Raynor"
520,"Tromp, Jakubowski and Crist"
521,Cartwright Group
522,Parker-Sporer
523,Klocko-Bauch
524,Feil Inc
525,Mraz Group
526,Stanton-Cummings
527,Durgan LLC
528,"Tremblay, Reichel and Weber"
529,"Hills, Koepp and Fritsch"
530,Abshire-Littel
531,Bartell-Windler
532,Carroll and Sons
533,"Kunde, Stracke and Monahan"
534,Klein-Schimmel
535,Schiller and Sons
536,Pacocha Group
537,Rath Inc
538,"Zulauf, Durgan and Walsh"
539,"Nitzsche, Pacocha and Fisher"
540,"Windler, Gusikowski and Feeney"
541,"Johnson, Bergnaum and Koss"
542,"Casper, Boehm and Heidenreich"
543,"Koepp, Cole and Blick"
544,"O'Conner, Deckow and Goodwin"
545,"Brekke, Lind and Lowe"
546,Lehner LLC
547,Block-Rempel
548,Tromp Inc
549,Altenwerth and Sons
550,Keebler-Schmidt
551,Bruen and Sons
552,Lubowitz-Schamberger
553,Russel-Kreiger
554,"Schamberger, Ruecker and Koepp"
555,"Wisoky, Waelchi and Hyatt"
556,Spinka-Weissnat
557,Rosenbaum and Sons
558,Maggio LLC
559,"Wiza, Thompson and Quitzon"
560,"Rodriguez, Kemmer and Lakin"
561,"Smith, Adams and Schaden"
562,"Cummerata, Grimes and Anderson"
563,Anderson Group
564,"Trantow, Crona and Nitzsche"
565,Mohr-Leannon
566,Pfeffer Group
567,"Fahey, Kirlin and Ruecker"
568,Stehr Group
569,Luettgen-Willms
570,Rempel and Sons
571,"Wuckert, Nicolas and Larkin"
572,Franecki-Schiller
573,Witting-Stamm
574,"Schowalter, Cartwright and Prohaska"
575,Zulauf-Becker
576,Dietrich-Williamson
577,Franecki Group
578,Hahn Group
579,Mitchell-McClure
580,"Bailey, Smitham and Gleason"
581,Windler-Kirlin
582,"Douglas, Stark and Haley"
583,Adams LLC
584,"Daugherty, Ziemann and Hackett"
585,"Casper, Reilly and Keebler"
586,Cormier-Bauch
587,Trantow-Wuckert
588,Senger-Schuster
589,Nicolas LLC
590,"Leuschke, Kilback and Bradtke"
591,Shields Inc
592,"Mante, Hirthe and Hills"
593,Nader-Bahringer
594,Reynolds-Bayer
595,"Harber, Rippin and Mante"
596,Becker-Schaden
597,Marvin Inc
598,"Klein, Kuhn and Bechtelar"
599,Lynch-D'Amore
600,"Mitchell, Miller and Rice"
601,"Kovacek, Kuphal and Barrows"
602,Purdy and Sons
603,"Bailey, Stark and Gerhold"
604,"Morar, Lehner and Little"
605,Senger-Denesik
606,Schultz-Schinner
607,Simonis Inc
608,"Hyatt, Bins and Bradtke"
609,"Wyman, Reinger and Cassin"
610,Reinger-Kunze
611,O'Keefe and Sons
612,Bauch-Schuppe
613,Hyatt-Buckridge
614,Lind Group
615,Predovic-Hagenes
616,Miller-Hoppe
617,"McGlynn, Bruen and Predovic"
618,"Rowe, Cole and Yundt"
619,"Huel, Vandervort and Dickens"
620,Keebler-Lakin
621,Fritsch-Boyer
622,Wehner Group
623,"Dare, Bruen and Lockman"
624,"Ryan, Lind and Bayer"
625,Powlowski Group
626,Abernathy-Oberbrunner
627,"McKenzie, Ferry and Senger"
628,"Reinger, Bins and Dickens"
629,Douglas and Sons
630,Dooley-Walker
631,Bode-Huel
632,Sipes-Nader
633,Bahringer and Sons
634,Watsica LLC
635,"Boyer, Stiedemann and Ullrich"
636,Wisoky Inc
637,"Bernier, Botsford and Leannon"
638,Herman-Kirlin
639,Quigley LLC
640,"Dibbert, Williamson and Hodkiewicz"
641,O'Keefe Inc
642,Schneider-Upton
643,Corkery-Jones
644,"Murray, Bruen and Wiza"
645,Turner and Sons
646,Greenholt-Howell
647,"O'Connell, Rippin and Howell"
648,Doyle Inc
649,O'Hara Group
650,Mohr-West
651,"Gleichner, Ferry and Hills"
652,Goyette-Bahringer
653,Crist Group
654,Murray LLC
655,Howell-Stroman
656,"Bartoletti, McCullough and Mosciski"
657,Koelpin and Sons
658,Ritchie LLC
659,"Ryan, Howe and Jenkins"
660,Pollich-Shields
661,"Casper, O'Conner and Grant"
662,Hauck-Runte
663,Rippin and Sons
664,Lemke-Kihn
665,Bednar-Will
666,Purdy Inc
667,Stokes and Sons
668,Reichert Inc
669,Sporer Inc
670,Schmitt-Olson
671,"Buckridge, McClure and Gerlach"
672,Schuster-Rippin
673,Wolf-Windler
674,Leuschke-Aufderhar
675,"Renner, Breitenberg and Schimmel"
676,"Stiedemann, Walsh and Wuckert"
677,Smitham LLC
678,Funk and Sons
679,Hermann Group
680,Mosciski-Breitenberg
681,Bradtke-Lemke
682,"Waters, Krajcik and Moen"
683,Prohaska-Block
684,Murphy LLC
685,Huel Group
686,Greenfelder Group
687,Cummings Inc
688,Hand Inc
689,Oberbrunner-Grant
690,Mosciski Inc
691,Kozey-Kuhlman
692,"Cummerata, Mraz and Sawayn"
693,Bosco-Nienow
694,Koepp LLC
695,Miller-Gusikowski
696,Gerlach Group
697,"Goyette, Sporer and Bechtelar"
698,Nitzsche Inc
699,"Miller, Wintheiser and Wyman"
700,Mayer Group
701,Barton-Skiles
702,Gorczany Inc
703,Parker Inc
704,"Koch, Sauer and Jenkins"
705,Dibbert-Hirthe
706,Feil Group
707,Padberg Inc
708,"Boyle, Johnson and McCullough"
709,"Thiel, Hintz and Stark"
710,Crist-Beer
711,"Kunze, Brown and Walsh"
712,Heller Inc
713,Schiller LLC
714,"Lockman, Keeling and Prohaska"
715,Shields and Sons
716,"Leuschke, Schmeler and Kerluke"
717,Trantow Inc
718,Crooks-Schneider
719,"Kassulke, Monahan and Bahringer"
720,Bruen Inc
721,"Osinski, Mayer and Ritchie"
722,Moen-Batz
723,Olson Inc
724,"Thompson, Schneider and Pollich"
725,Rempel and Sons
726,Dickinson and Sons
727,"Block, Howell and Kunze"
728,Rohan-Bartell
729,"Swift, Borer and Davis"
730,"Fahey, Kuhn and Beatty"
731,Lehner LLC
732,"Hayes, Wisozk and Luettgen"
733,"Beahan, Williamson and Schaefer"
734,Daugherty LLC
735,Walker LLC
736,Heller-Turcotte
737,"Bayer, Leannon and Runte"
738,Yundt Group
739,Cassin LLC
740,Terry LLC
741,Davis Group
742,Wehner LLC
743,Adams-Becker
744,"Pfannerstill, Leannon and Weimann"
745,Senger-Hettinger
746,Krajcik Group
747,Stoltenberg LLC
748,"Dicki, Ryan and Pfannerstill"
749,"Mosciski, VonRueden and Blanda"
750,"Jenkins, Gibson and Herman"
751,Langworth LLC
752,Gislason LLC
753,Kunze and Sons
754,Waters-Herzog
755,"Walker, Deckow and Bruen"
756,Gutmann-Ward
757,Haley and Sons
758,McClure Inc
759,Monahan and Sons
760,"Balistreri, Kreiger and Hessel"
761,Witting-Stokes
762,Cummerata-Monahan
763,"Zboncak, Kris and Nikolaus"
764,"Abernathy, Legros and Schaefer"
765,"Stroman, Fisher and Farrell"
766,Hagenes-Kuhic
767,Marks Group
768,"Larson, Yost and Batz"
769,Lueilwitz-Wiegand
770,O'Kon Group
771,Schulist Group
772,Kovacek-Gibson
773,"Bruen, Jacobs and Bernier"
774,Senger-Koss
775,"Simonis, Goyette and Kshlerin"
776,McKenzie-Krajcik
777,McGlynn-Miller
778,Gutmann and Sons
779,Lowe Inc
780,"Keeling, Spinka and Cormier"
781,"Watsica, Jones and Feil"
782,Spencer Inc
783,"Casper, Pouros and Stoltenberg"
784,Sawayn-McClure
785,Greenholt Group
786,Auer-Murray
787,"Bernier, Jenkins and Yost"
788,Greenfelder Inc
789,"Zieme, Johnston and Zboncak"
790,"Fisher, O'Connell and Stokes"
791,Haley-Gorczany
792,Watsica Inc
793,Reichert-Medhurst
794,"Heidenreich, Lind and Leffler"
795,"Tremblay, Harris and Hartmann"
796,Schowalter Group
797,Kuvalis-Ritchie
798,Beier Group
799,Hammes-Hegmann
800,Jones and Sons
801,Lehner LLC
802,Olson-Kuhlman
803,"Dietrich, Cummerata and Emmerich"
804,"Grimes, Kulas and Tillman"
805,"Kulas, Auer and Sauer"
806,"Lindgren, Rippin and Wolff"
807,Hickle-Roob
808,Carter Inc
809,"McKenzie, Rohan and Luettgen"
810,"Barrows, Haag and Feeney"
811,Stanton Group
812,Hodkiewicz LLC
813,"Rath, Bergnaum and Langosh"
814,Ebert Inc
815,Nicolas-Simonis
816,"Bailey, Kilback and Rath"
817,"Swaniawski, Blick and Koss"
818,"Ortiz, Dooley and Kunze"
819,"Windler, Braun and Schultz"
820,"Yost, Lubowitz and Hoeger"
821,"Green, Hudson and Bauch"
822,"Marks, Krajcik and Howe"
823,Harris-Hahn
824,Koss Inc
825,Hessel-Bechtelar
826,"O'Hara, Weimann and Friesen"
827,"Larkin, Kautzer and Kassulke"
828,Kutch Group
829,Torp LLC
830,"Konopelski, Borer and Jakubowski"
831,"Donnelly, Marks and Berge"
832,"Jacobs, Feeney and Nienow"
833,"Tillman, Stamm and Dooley"
834,Greenfelder-Fritsch
835,"Wuckert, Roob and Wolf"
836,"Reynolds, Greenholt and Funk"
837,Balistreri-Wehner
838,Kuhn-Boehm
839,Ferry-Ondricka
840,"Beatty, Farrell and Lakin"
841,"Cole, McKenzie and Johnston"
842,Cassin and Sons
843,Johnson-DuBuque
844,Kerluke-Vandervort
845,"Renner, Bailey and DuBuque"
846,Kulas-Boyer
847,"Quitzon, Raynor and Schumm"
848,Legros-Reinger
849,Boehm LLC
850,Maggio Inc
851,Nitzsche-VonRueden
852,Gerlach-Bogan
853,"Gusikowski, Pollich and Upton"
854,"Bauch, Ebert and Harris"
855,King-Adams
856,Thompson Group
857,"Keebler, Kiehn and Heidenreich"
858,"Willms, Cartwright and Konopelski"
859,"Maggio, Kemmer and Boehm"
860,"Feest, Metz and Hudson"
861,Borer-Glover
862,Towne LLC
863,Leuschke-Jacobson
864,Greenfelder Group
865,Hoeger-Turcotte
866,Mosciski Inc
867,Johnston-Streich
868,Wiegand Group
869,"Murphy, Shanahan and Kilback"
870,"Ziemann, Donnelly and Kertzmann"
871,Tromp LLC
872,Koch LLC
873,Rippin-Luettgen
874,Schmeler Inc
875,Russel-Davis
876,Mayer-Hickle
877,"Streich, Mann and Aufderhar"
878,Brakus-Kreiger
879,Haag and Sons
880,D'Amore-Koch
881,McLaughlin-Price
882,Macejkovic and Sons
883,"Keebler, Hammes and Hackett"
884,Rutherford-Roberts
885,"Schaden, Hegmann and Mitchell"
886,Parker Group
887,"Kub, Veum and Gibson"
888,Luettgen Group
889,"Price, Shanahan and Kuphal"
890,"Lockman, Kozey and Heaney"
891,"Goodwin, Zieme and Schumm"
892,Turner-Keebler
893,Feeney Group
894,Barton and Sons
895,Prohaska and Sons
896,Price LLC
897,"Harris, Moore and Mertz"
898,"Hills, Crona and Howell"
899,"Ferry, Kuhn and McGlynn"
900,Crona-Oberbrunner
901,Kessler-Stehr
902,Harber Inc
903,Gleason-Wisozk
904,Hartmann-Auer
905,Rutherford-Gerhold
906,Simonis-Romaguera
907,Schuster Inc
908,Ritchie Inc
909,Torphy-Bergstrom
910,Hyatt Group
911,Fritsch Group
912,Osinski-Medhurst
913,"Jakubowski, Trantow and Beahan"
914,"Marks, Spinka and Klein"
915,Beatty LLC
916,Dickinson-Maggio
917,Muller Group
918,Kohler-Schumm
919,"Pagac, Tromp and Stamm"
920,Ruecker LLC
921,Ledner and Sons
922,McCullough-Konopelski
923,"Gibson, Kovacek and Murazik"
924,Schulist and Sons
925,Strosin Group
926,"Champlin, Towne and Kub"
927,"Turcotte, Kuphal and Tromp"
928,"Hahn, Reynolds and Vandervort"
929,Altenwerth Group
930,Watsica LLC
931,Monahan LLC
932,"Sawayn, Sporer and Predovic"
933,Braun Group
934,Abernathy-Marvin
935,Upton LLC
936,"McDermott, Goldner and Labadie"
937,Hand Inc
938,Beahan-Beer
939,Grant and Sons
940,Gerlach Group
941,"Hills, Heidenreich and Schulist"
942,"Kuhn, Bartoletti and Goyette"
943,"Heaney, Harber and Welch"
944,Jakubowski-Keeling
945,Champlin-Reichel
946,Williamson-Batz
947,Hilpert LLC
948,"MacGyver, Klocko and Ritchie"
949,"Heathcote, Grimes and Fahey"
950,Weimann-Nitzsche
951,"Witting, Pouros and Pfeffer"
952,Moen Inc
953,"Parisian, Dickens and Goyette"
954,Hammes LLC
955,"Olson, Gusikowski and Batz"
956,Heller-Emard
957,Gutmann-Kemmer
958,Nader-Stark
959,"Schuster, Emard and Lang"
960,"Rice, Treutel and Bergstrom"
961,"Shields, Mueller and Borer"
962,"Flatley, Kohler and Jast"
963,O'Keefe-Botsford
964,Boyer-Fahey
965,Frami and Sons
966,Nader-Pouros
967,Jones and Sons
968,Sporer Group
969,Langosh-Kilback
970,Windler Group
971,Hoeger-Walter
972,Walker-Rohan
973,"Pfannerstill, Lang and Breitenberg"
974,Reichel-Feil
975,Rath-Farrell
976,Greenfelder Inc
977,Quitzon-Koss
978,"Rath, Bayer and Kub"
979,Crona Group
980,"Leffler, Hartmann and Muller"
981,Ratke LLC
982,Collier and Sons
983,"Marvin, Schuster and Dicki"
984,"Barrows, Metz and Watsica"
985,McDermott-Bogan
986,Kub Inc
987,Jacobson-Jacobson
988,"Conn, Kuvalis and Wilkinson"
989,Keebler Inc
990,Fahey-Steuber
991,Schmidt Inc
992,"Strosin, Nitzsche and Beahan"
993,"Dare, Pfeffer and Berge"
994,Beahan Group
995,"Dicki, Stehr and Jast"
996,"Orn, Parisian and Weissnat"
997,"Yost, Howe and Johns"
998,"Beier, Kuvalis and Hartmann"
999,Koss-Carroll
1000,Volkman-Harris
